<ImportExportXml version="8.2.0002.0160" SolutionPackageVersion="8.2" languagecode="1033" generatedBy="CrmLive" xmlns:xsi="http://www.w3.org/2001/XMLSchema-instance">
  <SolutionManifest>
    <UniqueName>WiproEventLog</UniqueName>
    <LocalizedNames>
      <LocalizedName description="Wipro Event Log" languagecode="1033" />
    </LocalizedNames>
    <Descriptions>
      <Description description="WIPRO Event Log Solution&#xA;-Add description here&#xA;&#xA;Contributors&#xA;Project Manager: Pradnya Kulkarni&#xA;Solution Architect: Edward Disi&#xA;Lead Engineer: Anirban Ghatak&#xA;Tech Lead: Teja Bhakta, Madhusudan Muddagiriyappa&#xA;Developers:: Nikhil Singh, Vipra Jain &amp; Abhinav Kavi" languagecode="1033" />
    </Descriptions>
    <Version>1.0.0.0</Version>
    <Managed>0</Managed>
    <Publisher>
      <UniqueName>wiproeventlog</UniqueName>
      <LocalizedNames>
        <LocalizedName description="Wipro Event Log" languagecode="1033" />
      </LocalizedNames>
      <Descriptions />
      <EMailAddress xsi:nil="true"></EMailAddress>
      <SupportingWebsiteUrl xsi:nil="true"></SupportingWebsiteUrl>
      <CustomizationPrefix>wipel</CustomizationPrefix>
      <CustomizationOptionValuePrefix>86127</CustomizationOptionValuePrefix>
      <Addresses>
        <Address>
          <AddressNumber>1</AddressNumber>
          <AddressTypeCode>1</AddressTypeCode>
          <City xsi:nil="true"></City>
          <County xsi:nil="true"></County>
          <Country xsi:nil="true"></Country>
          <Fax xsi:nil="true"></Fax>
          <FreightTermsCode xsi:nil="true"></FreightTermsCode>
          <ImportSequenceNumber xsi:nil="true"></ImportSequenceNumber>
          <Latitude xsi:nil="true"></Latitude>
          <Line1 xsi:nil="true"></Line1>
          <Line2 xsi:nil="true"></Line2>
          <Line3 xsi:nil="true"></Line3>
          <Longitude xsi:nil="true"></Longitude>
          <Name xsi:nil="true"></Name>
          <PostalCode xsi:nil="true"></PostalCode>
          <PostOfficeBox xsi:nil="true"></PostOfficeBox>
          <PrimaryContactName xsi:nil="true"></PrimaryContactName>
          <ShippingMethodCode>1</ShippingMethodCode>
          <StateOrProvince xsi:nil="true"></StateOrProvince>
          <Telephone1 xsi:nil="true"></Telephone1>
          <Telephone2 xsi:nil="true"></Telephone2>
          <Telephone3 xsi:nil="true"></Telephone3>
          <TimeZoneRuleVersionNumber xsi:nil="true"></TimeZoneRuleVersionNumber>
          <UPSZone xsi:nil="true"></UPSZone>
          <UTCOffset xsi:nil="true"></UTCOffset>
          <UTCConversionTimeZoneCode xsi:nil="true"></UTCConversionTimeZoneCode>
        </Address>
        <Address>
          <AddressNumber>2</AddressNumber>
          <AddressTypeCode>1</AddressTypeCode>
          <City xsi:nil="true"></City>
          <County xsi:nil="true"></County>
          <Country xsi:nil="true"></Country>
          <Fax xsi:nil="true"></Fax>
          <FreightTermsCode xsi:nil="true"></FreightTermsCode>
          <ImportSequenceNumber xsi:nil="true"></ImportSequenceNumber>
          <Latitude xsi:nil="true"></Latitude>
          <Line1 xsi:nil="true"></Line1>
          <Line2 xsi:nil="true"></Line2>
          <Line3 xsi:nil="true"></Line3>
          <Longitude xsi:nil="true"></Longitude>
          <Name xsi:nil="true"></Name>
          <PostalCode xsi:nil="true"></PostalCode>
          <PostOfficeBox xsi:nil="true"></PostOfficeBox>
          <PrimaryContactName xsi:nil="true"></PrimaryContactName>
          <ShippingMethodCode>1</ShippingMethodCode>
          <StateOrProvince xsi:nil="true"></StateOrProvince>
          <Telephone1 xsi:nil="true"></Telephone1>
          <Telephone2 xsi:nil="true"></Telephone2>
          <Telephone3 xsi:nil="true"></Telephone3>
          <TimeZoneRuleVersionNumber xsi:nil="true"></TimeZoneRuleVersionNumber>
          <UPSZone xsi:nil="true"></UPSZone>
          <UTCOffset xsi:nil="true"></UTCOffset>
          <UTCConversionTimeZoneCode xsi:nil="true"></UTCConversionTimeZoneCode>
        </Address>
      </Addresses>
    </Publisher>
    <RootComponents>
      <RootComponent type="1" schemaName="wipel_environment" behavior="0" />
      <RootComponent type="1" schemaName="wipel_event" behavior="0" />
      <RootComponent type="1" schemaName="wipel_eventaction" behavior="0" />
      <RootComponent type="1" schemaName="wipel_eventactionitem" behavior="0" />
      <RootComponent type="1" schemaName="wipel_eventlog" behavior="0" />
      <RootComponent type="1" schemaName="wipel_eventtype" behavior="0" />
      <RootComponent type="1" schemaName="wipel_provider" behavior="0" />
      <RootComponent type="9" schemaName="wipel_actionitemtype" behavior="0" />
      <RootComponent type="9" schemaName="wipel_actiontype" behavior="0" />
      <RootComponent type="9" schemaName="wipel_analyticalconfidence" behavior="0" />
      <RootComponent type="9" schemaName="wipel_datasource" behavior="0" />
      <RootComponent type="9" schemaName="wipel_daysofmonth29" behavior="0" />
      <RootComponent type="9" schemaName="wipel_daysofmonth30" behavior="0" />
      <RootComponent type="9" schemaName="wipel_daysofmonth31" behavior="0" />
      <RootComponent type="9" schemaName="wipel_entrytype" behavior="0" />
      <RootComponent type="9" schemaName="wipel_environmenttype" behavior="0" />
      <RootComponent type="9" schemaName="wipel_eventtype" behavior="0" />
      <RootComponent type="9" schemaName="wipel_httpmethod" behavior="0" />
      <RootComponent type="9" schemaName="wipel_logtype" behavior="0" />
      <RootComponent type="9" schemaName="wipel_overflowaction" behavior="0" />
      <RootComponent type="9" schemaName="wipel_purpose" behavior="0" />
      <RootComponent type="9" schemaName="wipel_recurringscheduletype" behavior="0" />
      <RootComponent type="9" schemaName="wipel_time" behavior="0" />
      <RootComponent type="29" id="{71424e01-67fc-e711-80fc-3863bb360d60}" behavior="0" />
      <RootComponent type="29" id="{a04dc3f6-5423-459a-82a9-8390b9dc6d22}" behavior="0" />
      <RootComponent type="29" id="{aebcbbb4-0e9a-4501-9df5-8e90697c87aa}" behavior="0" />
      <RootComponent type="29" id="{afa7a213-8dc0-4714-89a4-4ac5b3022391}" behavior="0" />
      <RootComponent type="29" id="{b1de5959-bbe5-4ec3-8267-29a0fcd3061c}" behavior="0" />
      <RootComponent type="29" id="{c77f4d4e-758d-4108-88bb-71ef58355308}" behavior="0" />
      <RootComponent type="29" id="{ce33e352-577f-44fc-91db-b010c1d083ac}" behavior="0" />
      <RootComponent type="29" id="{e0505c0b-dc16-4770-9c09-30516b1906cc}" behavior="0" />
      <RootComponent type="29" id="{fa3ea505-34b5-4f6a-b883-6c975ae40f2a}" behavior="0" />
      <RootComponent type="29" id="{ffe0f1b5-a53a-493d-9ae6-047595a4bf4a}" behavior="0" />
      <RootComponent type="31" id="{34efeaf1-f204-e811-810a-c4346bacaac0}" behavior="0" />
      <RootComponent type="31" id="{915dbe20-f804-e811-810a-c4346bacaac0}" behavior="0" />
      <RootComponent type="31" id="{a207a828-d704-e811-810a-c4346bacaac0}" behavior="0" />
      <RootComponent type="31" id="{a4d307a1-3def-e711-80f7-3863bb2ee1f0}" behavior="0" />
      <RootComponent type="60" id="{030b945b-a805-e811-8108-fc15b428dc1c}" behavior="0" />
      <RootComponent type="60" id="{087b0a1d-e804-e811-810a-c4346bacaac0}" behavior="0" />
      <RootComponent type="60" id="{0b973eda-f24b-4830-944c-31852d669006}" behavior="0" />
      <RootComponent type="60" id="{1163b863-8a06-e811-8108-fc15b428dc1c}" behavior="0" />
      <RootComponent type="60" id="{25e8db2f-1158-46d7-a9d2-2a46d78798ba}" behavior="0" />
      <RootComponent type="60" id="{2f08605f-7a06-e811-8108-fc15b428dc1c}" behavior="0" />
      <RootComponent type="60" id="{2fbcd377-f74f-4ca2-a857-440e4aa2c38d}" behavior="0" />
      <RootComponent type="60" id="{31e1bf8d-e504-e811-810a-c4346bacaac0}" behavior="0" />
      <RootComponent type="60" id="{4489109e-a805-e811-8108-fc15b428dc1c}" behavior="0" />
      <RootComponent type="60" id="{6570dd38-4407-e811-8108-c4346bace9f4}" behavior="0" />
      <RootComponent type="60" id="{71ac4436-37ef-e711-80f7-3863bb2ee1f0}" behavior="0" />
      <RootComponent type="60" id="{7eafcc79-4bba-4a28-ae9c-b7f754532b8e}" behavior="0" />
      <RootComponent type="60" id="{8d8d9c1c-ef67-49ab-a844-9d1ff2ef6364}" behavior="0" />
      <RootComponent type="60" id="{90efad01-44c0-4a55-9c65-284a647a736b}" behavior="0" />
      <RootComponent type="60" id="{a1a581f4-f3ef-4f90-962b-ee9a27b9cccc}" behavior="0" />
      <RootComponent type="60" id="{a8cb1223-8806-e811-8108-fc15b428dc1c}" behavior="0" />
      <RootComponent type="60" id="{cee412fa-630d-48c5-9532-29b8b10992fc}" behavior="0" />
      <RootComponent type="60" id="{d3d328fb-02fd-457d-8ee6-1bbb28734203}" behavior="0" />
      <RootComponent type="61" schemaName="wipel_ApplicationIcon16x16.png" behavior="0" />
      <RootComponent type="61" schemaName="wipel_ApplicationIcon32x32.png" behavior="0" />
      <RootComponent type="61" schemaName="wipel_DefaultEventType.xml" behavior="0" />
      <RootComponent type="61" schemaName="wipel_Environment_Ribbon.js" behavior="0" />
      <RootComponent type="61" schemaName="wipel_EventAction_Main.js" behavior="0" />
      <RootComponent type="61" schemaName="wipel_Event_Main.js" behavior="0" />
      <RootComponent type="61" schemaName="wipel_WiproIcon16X16.jpg" behavior="0" />
      <RootComponent type="61" schemaName="wipel_WiproIcon32X32.jpg" behavior="0" />
      <RootComponent type="62" schemaName="wipel_EventLog" behavior="0" />
      <RootComponent type="80" schemaName="wipel_EventLog" behavior="0" />
      <RootComponent type="91" schemaName="Wipro.EventLog.Plugins, Version=1.0.0.0, Culture=neutral, PublicKeyToken=dac58adbb7bd2ea6" behavior="0" />
      <RootComponent type="92" id="{03e224b7-2703-e811-810a-c4346bacaac0}" behavior="0" />
      <RootComponent type="92" id="{4ceffdf8-0905-e811-810a-c4346bacaac0}" behavior="0" />
      <RootComponent type="92" id="{56878507-0a05-e811-810a-c4346bacaac0}" behavior="0" />
    </RootComponents>
    <MissingDependencies />
  </SolutionManifest>
</ImportExportXml>